observableId	simulationConditionId	time	measurement	observableParameters	noiseParameters
Free_IL6_obs	TREG	0	1e-08	scale_Free_IL6_obs	sigma_const
Free_IL6_obs	TREG	0	1e-08	scale_Free_IL6_obs	sigma_const
Free_IL6_obs	TREG	0	1e-08	scale_Free_IL6_obs	sigma_const
Free_TGFb_obs	TREG	0	1	scale_Free_TGFb_obs	sigma_const
Free_TGFb_obs	TREG	0	1	scale_Free_TGFb_obs	sigma_const
Free_TGFb_obs	TREG	0	1	scale_Free_TGFb_obs	sigma_const
IL6R_Active	TREG	0	1e-08	scale_IL6R_Active	sigma_const
IL6R_Active	TREG	0	1e-08	scale_IL6R_Active	sigma_const
IL6R_Active	TREG	0	1e-08	scale_IL6R_Active	sigma_const
TGFbR_Active	TREG	0	1e-08	scale_TGFbR_Active	sigma_const
TGFbR_Active	TREG	0	1e-08	scale_TGFbR_Active	sigma_const
TGFbR_Active	TREG	0	1e-08	scale_TGFbR_Active	sigma_const
pSMAD3_obs	TREG	0	1e-08	scale_pSMAD3_obs	sigma_const
pSMAD3_obs	TREG	0	1e-08	scale_pSMAD3_obs	sigma_const
pSMAD3_obs	TREG	0	1e-08	scale_pSMAD3_obs	sigma_const
pSTAT3_obs	TREG	0	1e-08	scale_pSTAT3_obs	sigma_const
pSTAT3_obs	TREG	0	1e-08	scale_pSTAT3_obs	sigma_const
pSTAT3_obs	TREG	0	1e-08	scale_pSTAT3_obs	sigma_const
STAT3d_active_obs	TREG	0	1e-08	scale_STAT3d_active_obs	sigma_const
STAT3d_active_obs	TREG	0	1e-08	scale_STAT3d_active_obs	sigma_const
STAT3d_active_obs	TREG	0	1e-08	scale_STAT3d_active_obs	sigma_const
S3S4_complex_obs	TREG	0	1e-08	scale_S3S4_complex_obs	sigma_const
S3S4_complex_obs	TREG	0	1e-08	scale_S3S4_complex_obs	sigma_const
S3S4_complex_obs	TREG	0	1e-08	scale_S3S4_complex_obs	sigma_const
S3STAT3d_complex_obs	TREG	0	1e-08	scale_S3STAT3d_complex_obs	sigma_const
S3STAT3d_complex_obs	TREG	0	1e-08	scale_S3STAT3d_complex_obs	sigma_const
S3STAT3d_complex_obs	TREG	0	1e-08	scale_S3STAT3d_complex_obs	sigma_const
PKA_active	TREG	0	1e-08	scale_PKA_active	sigma_const
PKA_active	TREG	0	1e-08	scale_PKA_active	sigma_const
PKA_active	TREG	0	1e-08	scale_PKA_active	sigma_const
Free_IL6_obs	TREG	5	1e-08	scale_Free_IL6_obs	sigma_const
Free_IL6_obs	TREG	5	1e-08	scale_Free_IL6_obs	sigma_const
Free_IL6_obs	TREG	5	1e-08	scale_Free_IL6_obs	sigma_const
Free_TGFb_obs	TREG	5	0.017205556	scale_Free_TGFb_obs	sigma_const
Free_TGFb_obs	TREG	5	0.017205556	scale_Free_TGFb_obs	sigma_const
Free_TGFb_obs	TREG	5	0.017205556	scale_Free_TGFb_obs	sigma_const
IL6R_Active	TREG	5	1e-08	scale_IL6R_Active	sigma_const
IL6R_Active	TREG	5	1e-08	scale_IL6R_Active	sigma_const
IL6R_Active	TREG	5	1e-08	scale_IL6R_Active	sigma_const
TGFbR_Active	TREG	5	0.92500816	scale_TGFbR_Active	sigma_const
TGFbR_Active	TREG	5	0.92500816	scale_TGFbR_Active	sigma_const
TGFbR_Active	TREG	5	0.92500816	scale_TGFbR_Active	sigma_const
pSMAD3_obs	TREG	5	0.041810423	scale_pSMAD3_obs	sigma_const
pSMAD3_obs	TREG	5	0.041810423	scale_pSMAD3_obs	sigma_const
pSMAD3_obs	TREG	5	0.041810423	scale_pSMAD3_obs	sigma_const
pSTAT3_obs	TREG	5	1e-08	scale_pSTAT3_obs	sigma_const
pSTAT3_obs	TREG	5	1e-08	scale_pSTAT3_obs	sigma_const
pSTAT3_obs	TREG	5	1e-08	scale_pSTAT3_obs	sigma_const
STAT3d_active_obs	TREG	5	1e-08	scale_STAT3d_active_obs	sigma_const
STAT3d_active_obs	TREG	5	1e-08	scale_STAT3d_active_obs	sigma_const
STAT3d_active_obs	TREG	5	1e-08	scale_STAT3d_active_obs	sigma_const
S3S4_complex_obs	TREG	5	0.041067596	scale_S3S4_complex_obs	sigma_const
S3S4_complex_obs	TREG	5	0.041067596	scale_S3S4_complex_obs	sigma_const
S3S4_complex_obs	TREG	5	0.041067596	scale_S3S4_complex_obs	sigma_const
S3STAT3d_complex_obs	TREG	5	1e-08	scale_S3STAT3d_complex_obs	sigma_const
S3STAT3d_complex_obs	TREG	5	1e-08	scale_S3STAT3d_complex_obs	sigma_const
S3STAT3d_complex_obs	TREG	5	1e-08	scale_S3STAT3d_complex_obs	sigma_const
PKA_active	TREG	5	0.021840208	scale_PKA_active	sigma_const
PKA_active	TREG	5	0.021840208	scale_PKA_active	sigma_const
PKA_active	TREG	5	0.021840208	scale_PKA_active	sigma_const
Free_IL6_obs	TREG	10	1e-08	scale_Free_IL6_obs	sigma_const
Free_IL6_obs	TREG	10	1e-08	scale_Free_IL6_obs	sigma_const
Free_IL6_obs	TREG	10	1e-08	scale_Free_IL6_obs	sigma_const
Free_TGFb_obs	TREG	10	0.012482279	scale_Free_TGFb_obs	sigma_const
Free_TGFb_obs	TREG	10	0.012482279	scale_Free_TGFb_obs	sigma_const
Free_TGFb_obs	TREG	10	0.012482279	scale_Free_TGFb_obs	sigma_const
IL6R_Active	TREG	10	1e-08	scale_IL6R_Active	sigma_const
IL6R_Active	TREG	10	1e-08	scale_IL6R_Active	sigma_const
IL6R_Active	TREG	10	1e-08	scale_IL6R_Active	sigma_const
TGFbR_Active	TREG	10	0.96250471	scale_TGFbR_Active	sigma_const
TGFbR_Active	TREG	10	0.96250471	scale_TGFbR_Active	sigma_const
TGFbR_Active	TREG	10	0.96250471	scale_TGFbR_Active	sigma_const
pSMAD3_obs	TREG	10	0.11128479	scale_pSMAD3_obs	sigma_const
pSMAD3_obs	TREG	10	0.11128479	scale_pSMAD3_obs	sigma_const
pSMAD3_obs	TREG	10	0.11128479	scale_pSMAD3_obs	sigma_const
pSTAT3_obs	TREG	10	1e-08	scale_pSTAT3_obs	sigma_const
pSTAT3_obs	TREG	10	1e-08	scale_pSTAT3_obs	sigma_const
pSTAT3_obs	TREG	10	1e-08	scale_pSTAT3_obs	sigma_const
STAT3d_active_obs	TREG	10	1e-08	scale_STAT3d_active_obs	sigma_const
STAT3d_active_obs	TREG	10	1e-08	scale_STAT3d_active_obs	sigma_const
STAT3d_active_obs	TREG	10	1e-08	scale_STAT3d_active_obs	sigma_const
S3S4_complex_obs	TREG	10	0.11050055	scale_S3S4_complex_obs	sigma_const
S3S4_complex_obs	TREG	10	0.11050055	scale_S3S4_complex_obs	sigma_const
S3S4_complex_obs	TREG	10	0.11050055	scale_S3S4_complex_obs	sigma_const
S3STAT3d_complex_obs	TREG	10	1e-08	scale_S3STAT3d_complex_obs	sigma_const
S3STAT3d_complex_obs	TREG	10	1e-08	scale_S3STAT3d_complex_obs	sigma_const
S3STAT3d_complex_obs	TREG	10	1e-08	scale_S3STAT3d_complex_obs	sigma_const
PKA_active	TREG	10	0.097552155	scale_PKA_active	sigma_const
PKA_active	TREG	10	0.097552155	scale_PKA_active	sigma_const
PKA_active	TREG	10	0.097552155	scale_PKA_active	sigma_const
Free_IL6_obs	TREG	15	1e-08	scale_Free_IL6_obs	sigma_const
Free_IL6_obs	TREG	15	1e-08	scale_Free_IL6_obs	sigma_const
Free_IL6_obs	TREG	15	1e-08	scale_Free_IL6_obs	sigma_const
Free_TGFb_obs	TREG	15	0.012353088	scale_Free_TGFb_obs	sigma_const
Free_TGFb_obs	TREG	15	0.012353088	scale_Free_TGFb_obs	sigma_const
Free_TGFb_obs	TREG	15	0.012353088	scale_Free_TGFb_obs	sigma_const
IL6R_Active	TREG	15	1e-08	scale_IL6R_Active	sigma_const
IL6R_Active	TREG	15	1e-08	scale_IL6R_Active	sigma_const
IL6R_Active	TREG	15	1e-08	scale_IL6R_Active	sigma_const
TGFbR_Active	TREG	15	0.96353237	scale_TGFbR_Active	sigma_const
TGFbR_Active	TREG	15	0.96353237	scale_TGFbR_Active	sigma_const
TGFbR_Active	TREG	15	0.96353237	scale_TGFbR_Active	sigma_const
pSMAD3_obs	TREG	15	0.18168112	scale_pSMAD3_obs	sigma_const
pSMAD3_obs	TREG	15	0.18168112	scale_pSMAD3_obs	sigma_const
pSMAD3_obs	TREG	15	0.18168112	scale_pSMAD3_obs	sigma_const
pSTAT3_obs	TREG	15	1e-08	scale_pSTAT3_obs	sigma_const
pSTAT3_obs	TREG	15	1e-08	scale_pSTAT3_obs	sigma_const
pSTAT3_obs	TREG	15	1e-08	scale_pSTAT3_obs	sigma_const
STAT3d_active_obs	TREG	15	1e-08	scale_STAT3d_active_obs	sigma_const
STAT3d_active_obs	TREG	15	1e-08	scale_STAT3d_active_obs	sigma_const
STAT3d_active_obs	TREG	15	1e-08	scale_STAT3d_active_obs	sigma_const
S3S4_complex_obs	TREG	15	0.18089397	scale_S3S4_complex_obs	sigma_const
S3S4_complex_obs	TREG	15	0.18089397	scale_S3S4_complex_obs	sigma_const
S3S4_complex_obs	TREG	15	0.18089397	scale_S3S4_complex_obs	sigma_const
S3STAT3d_complex_obs	TREG	15	1e-08	scale_S3STAT3d_complex_obs	sigma_const
S3STAT3d_complex_obs	TREG	15	1e-08	scale_S3STAT3d_complex_obs	sigma_const
S3STAT3d_complex_obs	TREG	15	1e-08	scale_S3STAT3d_complex_obs	sigma_const
PKA_active	TREG	15	0.20652583	scale_PKA_active	sigma_const
PKA_active	TREG	15	0.20652583	scale_PKA_active	sigma_const
PKA_active	TREG	15	0.20652583	scale_PKA_active	sigma_const
Free_IL6_obs	TREG	30	1e-08	scale_Free_IL6_obs	sigma_const
Free_IL6_obs	TREG	30	1e-08	scale_Free_IL6_obs	sigma_const
Free_IL6_obs	TREG	30	1e-08	scale_Free_IL6_obs	sigma_const
Free_TGFb_obs	TREG	30	0.012349441	scale_Free_TGFb_obs	sigma_const
Free_TGFb_obs	TREG	30	0.012349441	scale_Free_TGFb_obs	sigma_const
Free_TGFb_obs	TREG	30	0.012349441	scale_Free_TGFb_obs	sigma_const
IL6R_Active	TREG	30	1e-08	scale_IL6R_Active	sigma_const
IL6R_Active	TREG	30	1e-08	scale_IL6R_Active	sigma_const
IL6R_Active	TREG	30	1e-08	scale_IL6R_Active	sigma_const
TGFbR_Active	TREG	30	0.96356138	scale_TGFbR_Active	sigma_const
TGFbR_Active	TREG	30	0.96356138	scale_TGFbR_Active	sigma_const
TGFbR_Active	TREG	30	0.96356138	scale_TGFbR_Active	sigma_const
pSMAD3_obs	TREG	30	0.3929296	scale_pSMAD3_obs	sigma_const
pSMAD3_obs	TREG	30	0.3929296	scale_pSMAD3_obs	sigma_const
pSMAD3_obs	TREG	30	0.3929296	scale_pSMAD3_obs	sigma_const
pSTAT3_obs	TREG	30	1e-08	scale_pSTAT3_obs	sigma_const
pSTAT3_obs	TREG	30	1e-08	scale_pSTAT3_obs	sigma_const
pSTAT3_obs	TREG	30	1e-08	scale_pSTAT3_obs	sigma_const
STAT3d_active_obs	TREG	30	1e-08	scale_STAT3d_active_obs	sigma_const
STAT3d_active_obs	TREG	30	1e-08	scale_STAT3d_active_obs	sigma_const
STAT3d_active_obs	TREG	30	1e-08	scale_STAT3d_active_obs	sigma_const
S3S4_complex_obs	TREG	30	0.39213691	scale_S3S4_complex_obs	sigma_const
S3S4_complex_obs	TREG	30	0.39213691	scale_S3S4_complex_obs	sigma_const
S3S4_complex_obs	TREG	30	0.39213691	scale_S3S4_complex_obs	sigma_const
S3STAT3d_complex_obs	TREG	30	1e-08	scale_S3STAT3d_complex_obs	sigma_const
S3STAT3d_complex_obs	TREG	30	1e-08	scale_S3STAT3d_complex_obs	sigma_const
S3STAT3d_complex_obs	TREG	30	1e-08	scale_S3STAT3d_complex_obs	sigma_const
PKA_active	TREG	30	0.70997561	scale_PKA_active	sigma_const
PKA_active	TREG	30	0.70997561	scale_PKA_active	sigma_const
PKA_active	TREG	30	0.70997561	scale_PKA_active	sigma_const
Free_IL6_obs	TREG	45	1e-08	scale_Free_IL6_obs	sigma_const
Free_IL6_obs	TREG	45	1e-08	scale_Free_IL6_obs	sigma_const
Free_IL6_obs	TREG	45	1e-08	scale_Free_IL6_obs	sigma_const
Free_TGFb_obs	TREG	45	0.012349441	scale_Free_TGFb_obs	sigma_const
Free_TGFb_obs	TREG	45	0.012349441	scale_Free_TGFb_obs	sigma_const
Free_TGFb_obs	TREG	45	0.012349441	scale_Free_TGFb_obs	sigma_const
IL6R_Active	TREG	45	1e-08	scale_IL6R_Active	sigma_const
IL6R_Active	TREG	45	1e-08	scale_IL6R_Active	sigma_const
IL6R_Active	TREG	45	1e-08	scale_IL6R_Active	sigma_const
TGFbR_Active	TREG	45	0.96356138	scale_TGFbR_Active	sigma_const
TGFbR_Active	TREG	45	0.96356138	scale_TGFbR_Active	sigma_const
TGFbR_Active	TREG	45	0.96356138	scale_TGFbR_Active	sigma_const
pSMAD3_obs	TREG	45	0.6041516	scale_pSMAD3_obs	sigma_const
pSMAD3_obs	TREG	45	0.6041516	scale_pSMAD3_obs	sigma_const
pSMAD3_obs	TREG	45	0.6041516	scale_pSMAD3_obs	sigma_const
pSTAT3_obs	TREG	45	1e-08	scale_pSTAT3_obs	sigma_const
pSTAT3_obs	TREG	45	1e-08	scale_pSTAT3_obs	sigma_const
pSTAT3_obs	TREG	45	1e-08	scale_pSTAT3_obs	sigma_const
STAT3d_active_obs	TREG	45	1e-08	scale_STAT3d_active_obs	sigma_const
STAT3d_active_obs	TREG	45	1e-08	scale_STAT3d_active_obs	sigma_const
STAT3d_active_obs	TREG	45	1e-08	scale_STAT3d_active_obs	sigma_const
S3S4_complex_obs	TREG	45	0.60335331	scale_S3S4_complex_obs	sigma_const
S3S4_complex_obs	TREG	45	0.60335331	scale_S3S4_complex_obs	sigma_const
S3S4_complex_obs	TREG	45	0.60335331	scale_S3S4_complex_obs	sigma_const
S3STAT3d_complex_obs	TREG	45	1e-08	scale_S3STAT3d_complex_obs	sigma_const
S3STAT3d_complex_obs	TREG	45	1e-08	scale_S3STAT3d_complex_obs	sigma_const
S3STAT3d_complex_obs	TREG	45	1e-08	scale_S3STAT3d_complex_obs	sigma_const
PKA_active	TREG	45	1.4768954	scale_PKA_active	sigma_const
PKA_active	TREG	45	1.4768954	scale_PKA_active	sigma_const
PKA_active	TREG	45	1.4768954	scale_PKA_active	sigma_const
Free_IL6_obs	TH17	0	100	scale_Free_IL6_obs	sigma_const
Free_IL6_obs	TH17	0	100	scale_Free_IL6_obs	sigma_const
Free_IL6_obs	TH17	0	100	scale_Free_IL6_obs	sigma_const
Free_TGFb_obs	TH17	0	1	scale_Free_TGFb_obs	sigma_const
Free_TGFb_obs	TH17	0	1	scale_Free_TGFb_obs	sigma_const
Free_TGFb_obs	TH17	0	1	scale_Free_TGFb_obs	sigma_const
IL6R_Active	TH17	0	1e-08	scale_IL6R_Active	sigma_const
IL6R_Active	TH17	0	1e-08	scale_IL6R_Active	sigma_const
IL6R_Active	TH17	0	1e-08	scale_IL6R_Active	sigma_const
TGFbR_Active	TH17	0	1e-08	scale_TGFbR_Active	sigma_const
TGFbR_Active	TH17	0	1e-08	scale_TGFbR_Active	sigma_const
TGFbR_Active	TH17	0	1e-08	scale_TGFbR_Active	sigma_const
pSMAD3_obs	TH17	0	1e-08	scale_pSMAD3_obs	sigma_const
pSMAD3_obs	TH17	0	1e-08	scale_pSMAD3_obs	sigma_const
pSMAD3_obs	TH17	0	1e-08	scale_pSMAD3_obs	sigma_const
pSTAT3_obs	TH17	0	1e-08	scale_pSTAT3_obs	sigma_const
pSTAT3_obs	TH17	0	1e-08	scale_pSTAT3_obs	sigma_const
pSTAT3_obs	TH17	0	1e-08	scale_pSTAT3_obs	sigma_const
STAT3d_active_obs	TH17	0	1e-08	scale_STAT3d_active_obs	sigma_const
STAT3d_active_obs	TH17	0	1e-08	scale_STAT3d_active_obs	sigma_const
STAT3d_active_obs	TH17	0	1e-08	scale_STAT3d_active_obs	sigma_const
S3S4_complex_obs	TH17	0	1e-08	scale_S3S4_complex_obs	sigma_const
S3S4_complex_obs	TH17	0	1e-08	scale_S3S4_complex_obs	sigma_const
S3S4_complex_obs	TH17	0	1e-08	scale_S3S4_complex_obs	sigma_const
S3STAT3d_complex_obs	TH17	0	1e-08	scale_S3STAT3d_complex_obs	sigma_const
S3STAT3d_complex_obs	TH17	0	1e-08	scale_S3STAT3d_complex_obs	sigma_const
S3STAT3d_complex_obs	TH17	0	1e-08	scale_S3STAT3d_complex_obs	sigma_const
PKA_active	TH17	0	1e-08	scale_PKA_active	sigma_const
PKA_active	TH17	0	1e-08	scale_PKA_active	sigma_const
PKA_active	TH17	0	1e-08	scale_PKA_active	sigma_const
Free_IL6_obs	TH17	5	0.022509117	scale_Free_IL6_obs	sigma_const
Free_IL6_obs	TH17	5	0.022509117	scale_Free_IL6_obs	sigma_const
Free_IL6_obs	TH17	5	0.022509117	scale_Free_IL6_obs	sigma_const
Free_TGFb_obs	TH17	5	0.017205482	scale_Free_TGFb_obs	sigma_const
Free_TGFb_obs	TH17	5	0.017205482	scale_Free_TGFb_obs	sigma_const
Free_TGFb_obs	TH17	5	0.017205482	scale_Free_TGFb_obs	sigma_const
IL6R_Active	TH17	5	99.645306	scale_IL6R_Active	sigma_const
IL6R_Active	TH17	5	99.645306	scale_IL6R_Active	sigma_const
IL6R_Active	TH17	5	99.645306	scale_IL6R_Active	sigma_const
TGFbR_Active	TH17	5	0.92500841	scale_TGFbR_Active	sigma_const
TGFbR_Active	TH17	5	0.92500841	scale_TGFbR_Active	sigma_const
TGFbR_Active	TH17	5	0.92500841	scale_TGFbR_Active	sigma_const
pSMAD3_obs	TH17	5	0.031568097	scale_pSMAD3_obs	sigma_const
pSMAD3_obs	TH17	5	0.031568097	scale_pSMAD3_obs	sigma_const
pSMAD3_obs	TH17	5	0.031568097	scale_pSMAD3_obs	sigma_const
pSTAT3_obs	TH17	5	5.8036092	scale_pSTAT3_obs	sigma_const
pSTAT3_obs	TH17	5	5.8036092	scale_pSTAT3_obs	sigma_const
pSTAT3_obs	TH17	5	5.8036092	scale_pSTAT3_obs	sigma_const
STAT3d_active_obs	TH17	5	26.616766	scale_STAT3d_active_obs	sigma_const
STAT3d_active_obs	TH17	5	26.616766	scale_STAT3d_active_obs	sigma_const
STAT3d_active_obs	TH17	5	26.616766	scale_STAT3d_active_obs	sigma_const
S3S4_complex_obs	TH17	5	0.012039567	scale_S3S4_complex_obs	sigma_const
S3S4_complex_obs	TH17	5	0.012039567	scale_S3S4_complex_obs	sigma_const
S3S4_complex_obs	TH17	5	0.012039567	scale_S3S4_complex_obs	sigma_const
S3STAT3d_complex_obs	TH17	5	0.02968827	scale_S3STAT3d_complex_obs	sigma_const
S3STAT3d_complex_obs	TH17	5	0.02968827	scale_S3STAT3d_complex_obs	sigma_const
S3STAT3d_complex_obs	TH17	5	0.02968827	scale_S3STAT3d_complex_obs	sigma_const
PKA_active	TH17	5	0.007533389	scale_PKA_active	sigma_const
PKA_active	TH17	5	0.007533389	scale_PKA_active	sigma_const
PKA_active	TH17	5	0.007533389	scale_PKA_active	sigma_const
Free_IL6_obs	TH17	10	0.022509087	scale_Free_IL6_obs	sigma_const
Free_IL6_obs	TH17	10	0.022509087	scale_Free_IL6_obs	sigma_const
Free_IL6_obs	TH17	10	0.022509087	scale_Free_IL6_obs	sigma_const
Free_TGFb_obs	TH17	10	0.012482265	scale_Free_TGFb_obs	sigma_const
Free_TGFb_obs	TH17	10	0.012482265	scale_Free_TGFb_obs	sigma_const
Free_TGFb_obs	TH17	10	0.012482265	scale_Free_TGFb_obs	sigma_const
IL6R_Active	TH17	10	99.645337	scale_IL6R_Active	sigma_const
IL6R_Active	TH17	10	99.645337	scale_IL6R_Active	sigma_const
IL6R_Active	TH17	10	99.645337	scale_IL6R_Active	sigma_const
TGFbR_Active	TH17	10	0.96250498	scale_TGFbR_Active	sigma_const
TGFbR_Active	TH17	10	0.96250498	scale_TGFbR_Active	sigma_const
TGFbR_Active	TH17	10	0.96250498	scale_TGFbR_Active	sigma_const
pSMAD3_obs	TH17	10	0.057911408	scale_pSMAD3_obs	sigma_const
pSMAD3_obs	TH17	10	0.057911408	scale_pSMAD3_obs	sigma_const
pSMAD3_obs	TH17	10	0.057911408	scale_pSMAD3_obs	sigma_const
pSTAT3_obs	TH17	10	6.1648308	scale_pSTAT3_obs	sigma_const
pSTAT3_obs	TH17	10	6.1648308	scale_pSTAT3_obs	sigma_const
pSTAT3_obs	TH17	10	6.1648308	scale_pSTAT3_obs	sigma_const
STAT3d_active_obs	TH17	10	50.182782	scale_STAT3d_active_obs	sigma_const
STAT3d_active_obs	TH17	10	50.182782	scale_STAT3d_active_obs	sigma_const
STAT3d_active_obs	TH17	10	50.182782	scale_STAT3d_active_obs	sigma_const
S3S4_complex_obs	TH17	10	0.022397419	scale_S3S4_complex_obs	sigma_const
S3S4_complex_obs	TH17	10	0.022397419	scale_S3S4_complex_obs	sigma_const
S3S4_complex_obs	TH17	10	0.022397419	scale_S3S4_complex_obs	sigma_const
S3STAT3d_complex_obs	TH17	10	0.088962081	scale_S3STAT3d_complex_obs	sigma_const
S3STAT3d_complex_obs	TH17	10	0.088962081	scale_S3STAT3d_complex_obs	sigma_const
S3STAT3d_complex_obs	TH17	10	0.088962081	scale_S3STAT3d_complex_obs	sigma_const
PKA_active	TH17	10	0.022675067	scale_PKA_active	sigma_const
PKA_active	TH17	10	0.022675067	scale_PKA_active	sigma_const
PKA_active	TH17	10	0.022675067	scale_PKA_active	sigma_const
Free_IL6_obs	TH17	15	0.022509087	scale_Free_IL6_obs	sigma_const
Free_IL6_obs	TH17	15	0.022509087	scale_Free_IL6_obs	sigma_const
Free_IL6_obs	TH17	15	0.022509087	scale_Free_IL6_obs	sigma_const
Free_TGFb_obs	TH17	15	0.012353087	scale_Free_TGFb_obs	sigma_const
Free_TGFb_obs	TH17	15	0.012353087	scale_Free_TGFb_obs	sigma_const
Free_TGFb_obs	TH17	15	0.012353087	scale_Free_TGFb_obs	sigma_const
IL6R_Active	TH17	15	99.645337	scale_IL6R_Active	sigma_const
IL6R_Active	TH17	15	99.645337	scale_IL6R_Active	sigma_const
IL6R_Active	TH17	15	99.645337	scale_IL6R_Active	sigma_const
TGFbR_Active	TH17	15	0.96353253	scale_TGFbR_Active	sigma_const
TGFbR_Active	TH17	15	0.96353253	scale_TGFbR_Active	sigma_const
TGFbR_Active	TH17	15	0.96353253	scale_TGFbR_Active	sigma_const
pSMAD3_obs	TH17	15	0.07075896	scale_pSMAD3_obs	sigma_const
pSMAD3_obs	TH17	15	0.07075896	scale_pSMAD3_obs	sigma_const
pSMAD3_obs	TH17	15	0.07075896	scale_pSMAD3_obs	sigma_const
pSTAT3_obs	TH17	15	6.3406359	scale_pSTAT3_obs	sigma_const
pSTAT3_obs	TH17	15	6.3406359	scale_pSTAT3_obs	sigma_const
pSTAT3_obs	TH17	15	6.3406359	scale_pSTAT3_obs	sigma_const
STAT3d_active_obs	TH17	15	66.908029	scale_STAT3d_active_obs	sigma_const
STAT3d_active_obs	TH17	15	66.908029	scale_STAT3d_active_obs	sigma_const
STAT3d_active_obs	TH17	15	66.908029	scale_STAT3d_active_obs	sigma_const
S3S4_complex_obs	TH17	15	0.030156946	scale_S3S4_complex_obs	sigma_const
S3S4_complex_obs	TH17	15	0.030156946	scale_S3S4_complex_obs	sigma_const
S3S4_complex_obs	TH17	15	0.030156946	scale_S3S4_complex_obs	sigma_const
S3STAT3d_complex_obs	TH17	15	0.15174037	scale_S3STAT3d_complex_obs	sigma_const
S3STAT3d_complex_obs	TH17	15	0.15174037	scale_S3STAT3d_complex_obs	sigma_const
S3STAT3d_complex_obs	TH17	15	0.15174037	scale_S3STAT3d_complex_obs	sigma_const
PKA_active	TH17	15	0.039541835	scale_PKA_active	sigma_const
PKA_active	TH17	15	0.039541835	scale_PKA_active	sigma_const
PKA_active	TH17	15	0.039541835	scale_PKA_active	sigma_const
Free_IL6_obs	TH17	30	0.022509087	scale_Free_IL6_obs	sigma_const
Free_IL6_obs	TH17	30	0.022509087	scale_Free_IL6_obs	sigma_const
Free_IL6_obs	TH17	30	0.022509087	scale_Free_IL6_obs	sigma_const
Free_TGFb_obs	TH17	30	0.012349442	scale_Free_TGFb_obs	sigma_const
Free_TGFb_obs	TH17	30	0.012349442	scale_Free_TGFb_obs	sigma_const
Free_TGFb_obs	TH17	30	0.012349442	scale_Free_TGFb_obs	sigma_const
IL6R_Active	TH17	30	99.645337	scale_IL6R_Active	sigma_const
IL6R_Active	TH17	30	99.645337	scale_IL6R_Active	sigma_const
IL6R_Active	TH17	30	99.645337	scale_IL6R_Active	sigma_const
TGFbR_Active	TH17	30	0.96356152	scale_TGFbR_Active	sigma_const
TGFbR_Active	TH17	30	0.96356152	scale_TGFbR_Active	sigma_const
TGFbR_Active	TH17	30	0.96356152	scale_TGFbR_Active	sigma_const
pSMAD3_obs	TH17	30	0.091753733	scale_pSMAD3_obs	sigma_const
pSMAD3_obs	TH17	30	0.091753733	scale_pSMAD3_obs	sigma_const
pSMAD3_obs	TH17	30	0.091753733	scale_pSMAD3_obs	sigma_const
pSTAT3_obs	TH17	30	6.1303618	scale_pSTAT3_obs	sigma_const
pSTAT3_obs	TH17	30	6.1303618	scale_pSTAT3_obs	sigma_const
pSTAT3_obs	TH17	30	6.1303618	scale_pSTAT3_obs	sigma_const
STAT3d_active_obs	TH17	30	83.719823	scale_STAT3d_active_obs	sigma_const
STAT3d_active_obs	TH17	30	83.719823	scale_STAT3d_active_obs	sigma_const
STAT3d_active_obs	TH17	30	83.719823	scale_STAT3d_active_obs	sigma_const
S3S4_complex_obs	TH17	30	0.048620499	scale_S3S4_complex_obs	sigma_const
S3S4_complex_obs	TH17	30	0.048620499	scale_S3S4_complex_obs	sigma_const
S3S4_complex_obs	TH17	30	0.048620499	scale_S3S4_complex_obs	sigma_const
S3STAT3d_complex_obs	TH17	30	0.34491732	scale_S3STAT3d_complex_obs	sigma_const
S3STAT3d_complex_obs	TH17	30	0.34491732	scale_S3STAT3d_complex_obs	sigma_const
S3STAT3d_complex_obs	TH17	30	0.34491732	scale_S3STAT3d_complex_obs	sigma_const
PKA_active	TH17	30	0.10217087	scale_PKA_active	sigma_const
PKA_active	TH17	30	0.10217087	scale_PKA_active	sigma_const
PKA_active	TH17	30	0.10217087	scale_PKA_active	sigma_const
Free_IL6_obs	TH17	45	0.022509087	scale_Free_IL6_obs	sigma_const
Free_IL6_obs	TH17	45	0.022509087	scale_Free_IL6_obs	sigma_const
Free_IL6_obs	TH17	45	0.022509087	scale_Free_IL6_obs	sigma_const
Free_TGFb_obs	TH17	45	0.012349442	scale_Free_TGFb_obs	sigma_const
Free_TGFb_obs	TH17	45	0.012349442	scale_Free_TGFb_obs	sigma_const
Free_TGFb_obs	TH17	45	0.012349442	scale_Free_TGFb_obs	sigma_const
IL6R_Active	TH17	45	99.645337	scale_IL6R_Active	sigma_const
IL6R_Active	TH17	45	99.645337	scale_IL6R_Active	sigma_const
IL6R_Active	TH17	45	99.645337	scale_IL6R_Active	sigma_const
TGFbR_Active	TH17	45	0.96356152	scale_TGFbR_Active	sigma_const
TGFbR_Active	TH17	45	0.96356152	scale_TGFbR_Active	sigma_const
TGFbR_Active	TH17	45	0.96356152	scale_TGFbR_Active	sigma_const
pSMAD3_obs	TH17	45	0.10916615	scale_pSMAD3_obs	sigma_const
pSMAD3_obs	TH17	45	0.10916615	scale_pSMAD3_obs	sigma_const
pSMAD3_obs	TH17	45	0.10916615	scale_pSMAD3_obs	sigma_const
pSTAT3_obs	TH17	45	6.0961313	scale_pSTAT3_obs	sigma_const
pSTAT3_obs	TH17	45	6.0961313	scale_pSTAT3_obs	sigma_const
pSTAT3_obs	TH17	45	6.0961313	scale_pSTAT3_obs	sigma_const
STAT3d_active_obs	TH17	45	84.85407	scale_STAT3d_active_obs	sigma_const
STAT3d_active_obs	TH17	45	84.85407	scale_STAT3d_active_obs	sigma_const
STAT3d_active_obs	TH17	45	84.85407	scale_STAT3d_active_obs	sigma_const
S3S4_complex_obs	TH17	45	0.065916991	scale_S3S4_complex_obs	sigma_const
S3S4_complex_obs	TH17	45	0.065916991	scale_S3S4_complex_obs	sigma_const
S3S4_complex_obs	TH17	45	0.065916991	scale_S3S4_complex_obs	sigma_const
S3STAT3d_complex_obs	TH17	45	0.53922733	scale_S3STAT3d_complex_obs	sigma_const
S3STAT3d_complex_obs	TH17	45	0.53922733	scale_S3STAT3d_complex_obs	sigma_const
S3STAT3d_complex_obs	TH17	45	0.53922733	scale_S3STAT3d_complex_obs	sigma_const
PKA_active	TH17	45	0.18560902	scale_PKA_active	sigma_const
PKA_active	TH17	45	0.18560902	scale_PKA_active	sigma_const
PKA_active	TH17	45	0.18560902	scale_PKA_active	sigma_const
